2,B&B,,,,,,
3,MINOTTI,,,,,,
4,FOSCARINI,,,,,,
5,MAX ALTO,,,,,,
6,FONTANA ARTE,,,,,,
7,MOOOI,,,,,,
8,VITRA,,,,,,
9,BITOSSI,,,,,,
10,ADRIANI E ROSSI,,,,,,
11,FUNZIONALISMO,,,,,,
12,PALLUCCO,,,,,,
13,INGO MAURER,,,,,,
14,KARTELL,,,,,,
15,KOSE MILANO,,,,,,
16,TONOLLI,,,,,,
17,KUNDALINI,,,,,,
18,LUCE PLAN,,,,,,
19,FARAVELLI,,,,,,
20,DANESE MILANO,,,,,,
21,GILLES CAFFIER,,,,,,
22,FRITZ HANSEN,,,,,,
23,O LUCE,,,,,,
24,DEPADOVA,,,,,,
25,MARALDI,,,,,,
26,FLOS,,,,,,
27,DAVIDE GROPPI,,,,,,
28,KASTHALL,,,,,,
29,FIAM,,,,,,
30,MARTINELLI LUCE,,,,,,
31,ICF,,,,,,
32,HERMAN MILLER,,,,,,
33,SERRALUNGA,,,,,,
34,HORM,,,,,,
35,PORRO,,,,,,
36,CRISTIAN,,,,,,
37,LEMA,,,,,,
38,CERUTTI BALERI,,,,,,
39,KETTAL,,,,,,
40,OPINION CIATTI,,,,,,
41,LOUIS PULSEN,,,,,,
42,FLOU,,,,,,
1,BULTHAUP,,,Germania,,,
43,G DESIGN,,,,,,
44,TISCA,,,,,,
45,MINOTTI ITALIA TRADING,,,,,,
46,FANTECHI,,,,,,
47,VIBIEFFE,,,,,,
